{"cameraMode":{"drawMode":0,"name":"Shaded","section":"Shading Mode"},"sceneLighting":true,"audioPlay":false,"sceneViewState":{"showFog":true,"showMaterialUpdate":false,"showSkybox":true,"showFlares":true,"showImageEffects":true,"showParticleSystems":true},"in2DMode":false,"pivot":{"x":94.4097671508789,"y":-3.8863325119018556,"z":21.08578872680664},"rotation":{"x":-0.12466371804475784,"y":0.8565620183944702,"z":-0.273429811000824,"w":-0.41958239674568179},"size":36.30847930908203,"orthographic":false}