{"cameraMode":{"drawMode":0,"name":"Shaded","section":"Shading Mode"},"sceneLighting":false,"audioPlay":false,"sceneViewState":{"showFog":true,"showMaterialUpdate":false,"showSkybox":false,"showFlares":true,"showImageEffects":true,"showParticleSystems":true},"in2DMode":false,"pivot":{"x":3.059999942779541,"y":0.9800000190734863,"z":-1.3600000143051148},"rotation":{"x":-0.29932722449302676,"y":-0.1475086510181427,"z":0.04688594117760658,"w":-0.9415287971496582},"size":3.8878753185272219,"orthographic":false}